{
  "2026-03-10": {
    "VIX": 25.190000534057617,
    "GOLD": 5196.60009765625,
    "OIL": 89.41000366210938,
    "SP500": 6795.990234375,
    "BIST": 13066.48046875,
    "DXY": 98.70600128173828
  }
}