{
  "2026-03-10": {
    "VIX": 23.81999969482422,
    "GOLD": 5219.89990234375,
    "OIL": 85.83000183105469,
    "SP500": 6805.85009765625,
    "BIST": 13109.4697265625,
    "DXY": 98.64700317382812
  }
}